job_id,job_title,company,job_type,experience_level,location,required_skills,preferred_skills,job_description,application_url,source_type
S001,Data Analyst Intern,Demo Analytics Lab,Internship,Internship,Remote,"python, sql, excel, data analysis","pandas, tableau, communication","Practice cleaning and analyzing sample business datasets, writing SQL queries, and presenting clear findings to a mentor. This illustrative role is designed for a student with coursework or personal projects.",,sample_dataset
S002,Junior Data Analyst,SampleWorks Insights,Entry-level,Entry-level,Hybrid,"sql, excel, data analysis, statistics","python, power bi, communication","Support recurring reporting by validating data, building spreadsheet summaries, and explaining basic trends to non-technical partners. Prior professional experience is not required for this sample position.",,sample_dataset
S003,Python Developer Intern,Example Code Studio,Internship,Internship,On-site,"python, git, rest api","django, flask, sql","Contribute to small Python services, write readable tests, and learn collaborative development through code review. Candidates should be able to discuss a coursework or portfolio project.",,sample_dataset
S004,Machine Learning Intern,Illustrative ML Works,Internship,Internship,Remote,"python, pandas, scikit-learn, statistics","machine learning, jupyter, git","Assist with preparing tabular datasets and comparing baseline classification models. The intern documents experiments and explains model limitations rather than making unsupported performance claims.",,sample_dataset
S005,Junior Machine Learning Engineer,Practice Model Lab,Entry-level,Entry-level,Hybrid,"python, machine learning, scikit-learn, git","pytorch, docker, rest api","Help package and evaluate small machine-learning prototypes with support from senior engineers. This sample entry-level role emphasizes reproducible experiments, code quality, and clear technical communication.",,sample_dataset
S006,AI Engineer Intern,Sample Intelligence Studio,Internship,Internship,Remote,"python, rest api, git","nlp, machine learning, docker","Build and test small AI application features using Python APIs. Learn to evaluate model outputs, handle failures, and communicate the limits of generative systems.",,sample_dataset
S007,Business Intelligence Analyst,Demo Metrics Group,Entry-level,Fresh graduate,Hybrid,"sql, data visualization, excel, communication","power bi, tableau, statistics","Prepare dashboards and concise reports that help teams understand operational metrics. Applicants should be comfortable checking source data and explaining chart choices.",,sample_dataset
S008,Junior Python Developer,SampleWorks Software,Entry-level,Entry-level,On-site,"python, git, sql","django, flask, rest api","Implement and maintain beginner-friendly backend features under code review. The role values clear Python fundamentals, careful debugging, and an interest in web services.",,sample_dataset
S009,Software Engineer Intern,Demo Product Workshop,Internship,Internship,Hybrid,"python, git, problem solving","java, rest api, docker","Work on small product tasks, learn version control practices, and collaborate with a development mentor. Candidates can demonstrate problem solving through coursework or portfolio work.",,sample_dataset
S010,Data Science Intern,Example Research Analytics,Internship,Internship,Remote,"python, pandas, statistics, data analysis","scikit-learn, machine learning, data visualization","Explore structured datasets, summarize patterns, and build simple reproducible analyses. Interns are expected to explain assumptions and separate observations from conclusions.",,sample_dataset
S011,Frontend Developer Intern,Illustrative Web Studio,Internship,Internship,Remote,"javascript, html, css, git","react, typescript, communication","Create and refine accessible web interface components with feedback from a frontend mentor. Share a class or personal project to demonstrate browser fundamentals.",,sample_dataset
S012,Junior Web Developer,Sample Interface Works,Entry-level,Fresh graduate,Hybrid,"javascript, html, css, git","react, node.js, rest api","Help implement responsive pages and connect them to existing APIs. This illustrative role is suitable for a new graduate who can explain their code and collaborate constructively.",,sample_dataset
S013,Database Assistant Intern,Demo Data Systems,Internship,Internship,On-site,"sql, mysql, statistics","postgresql, python, excel","Assist with data quality checks, simple query writing, and documentation of database workflows. The internship introduces practical relational database concepts.",,sample_dataset
S014,Cloud Support Associate,Example Cloud Learning Lab,Entry-level,Fresh graduate,Remote,"linux, python, problem solving","aws, docker, communication","Help investigate basic cloud environment issues, document troubleshooting steps, and escalate when needed. This sample role is designed for a junior candidate building cloud experience.",,sample_dataset
S015,QA Automation Intern,Practice Quality Studio,Internship,Internship,Hybrid,"python, git, problem solving","javascript, rest api, linux","Write and maintain small automated checks, reproduce defects, and provide useful bug reports. A careful approach and willingness to learn testing tools are important.",,sample_dataset
S016,Junior Data Visualization Analyst,Demo Storytelling Lab,Entry-level,Entry-level,Remote,"data visualization, excel, data analysis","power bi, tableau, sql","Turn approved datasets into readable charts and summaries. The analyst checks labels, context, and data quality so that visual reports are not misleading.",,sample_dataset
S017,NLP Research Intern,Sample Language Lab,Internship,Internship,Hybrid,"python, nlp, statistics","machine learning, pytorch, git","Explore text-processing tasks with research guidance, compare straightforward baselines, and document evaluation. This is an educational sample role and does not represent a live opening.",,sample_dataset
S018,Junior API Developer,Illustrative Backend Studio,Entry-level,Fresh graduate,Remote,"python, rest api, git","fastapi, flask, postgresql","Support API development by implementing small endpoints, writing clear documentation, and testing expected and invalid inputs. Candidates should explain one project or coursework exercise.",,sample_dataset
S019,Graduate Technology Analyst,Demo Graduate Pathways,Graduate program,Fresh graduate,Hybrid,"excel, communication, problem solving","sql, python, data visualization","Rotate through guided technology and reporting assignments while developing stakeholder communication and analytical habits. This sample is illustrative and is not an employer vacancy.",,sample_dataset
S020,Junior BI Developer,Sample Dashboard Foundry,Entry-level,Entry-level,On-site,"sql, data visualization, data analysis","power bi, python, statistics","Maintain basic reporting models, check metrics with stakeholders, and build clear dashboards. The role suits candidates with analytical coursework and an interest in business reporting.",,sample_dataset
